{
  "accuracy": 0.7684659361839294,
  "loss": 0.48604342341423035,
  "val_accuracy": 0.7159090638160706,
  "val_loss": 0.5763073563575745,
  "epoch": 9,
  "global_step": 220
}